doc_id,label
DOC_00001,
DOC_00002,
DOC_00003,
DOC_00004,
DOC_00005,
DOC_00006,
DOC_00007,
DOC_00008,
DOC_00009,
DOC_00010,
DOC_00011,
DOC_00012,
DOC_00013,
DOC_00014,
DOC_00015,
DOC_00016,
DOC_00017,
DOC_00018,
DOC_00019,
DOC_00020,
DOC_00021,
DOC_00022,
DOC_00023,
DOC_00024,
DOC_00025,
DOC_00026,
DOC_00027,
DOC_00028,
DOC_00029,
DOC_00030,
DOC_00031,
DOC_00032,
DOC_00033,
DOC_00034,
DOC_00035,
DOC_00036,
DOC_00037,
DOC_00038,
DOC_00039,
DOC_00040,
DOC_00041,
DOC_00042,
DOC_00043,
DOC_00044,
DOC_00045,
DOC_00046,
DOC_00047,
DOC_00048,
DOC_00049,
DOC_00050,
DOC_00051,
DOC_00052,
DOC_00053,
DOC_00054,
DOC_00055,
DOC_00056,
DOC_00057,
DOC_00058,
DOC_00059,
DOC_00060,
DOC_00061,
DOC_00062,
DOC_00063,
DOC_00064,
DOC_00065,
DOC_00066,
DOC_00067,
DOC_00068,
DOC_00069,
DOC_00070,
DOC_00071,
DOC_00072,
DOC_00073,
DOC_00074,
DOC_00075,
DOC_00076,
DOC_00077,
DOC_00078,
DOC_00079,
DOC_00080,
DOC_00081,
DOC_00082,
DOC_00083,
DOC_00084,
DOC_00085,
DOC_00086,
DOC_00087,
DOC_00088,
DOC_00089,
DOC_00090,
DOC_00091,
DOC_00092,
DOC_00093,
DOC_00094,
DOC_00095,
DOC_00096,
DOC_00097,
DOC_00098,
DOC_00099,
DOC_00100,
DOC_00101,
DOC_00102,
DOC_00103,
DOC_00104,
DOC_00105,
DOC_00106,
DOC_00107,
DOC_00108,
DOC_00109,
DOC_00110,
DOC_00111,
DOC_00112,
DOC_00113,
DOC_00114,
DOC_00115,
DOC_00116,
DOC_00117,
DOC_00118,
DOC_00119,
DOC_00120,
DOC_00121,
DOC_00122,
DOC_00123,
DOC_00124,
DOC_00125,
DOC_00126,
DOC_00127,
DOC_00128,
DOC_00129,
DOC_00130,
DOC_00131,
DOC_00132,
DOC_00133,
DOC_00134,
DOC_00135,
DOC_00136,
DOC_00137,
DOC_00138,
DOC_00139,
DOC_00140,
DOC_00141,
DOC_00142,
DOC_00143,
DOC_00144,
DOC_00145,
DOC_00146,
DOC_00147,
DOC_00148,
DOC_00149,
DOC_00150,
DOC_00151,
DOC_00152,
DOC_00153,
DOC_00154,
DOC_00155,
DOC_00156,
DOC_00157,
DOC_00158,
DOC_00159,
DOC_00160,
DOC_00161,
DOC_00162,
DOC_00163,
DOC_00164,
DOC_00165,
DOC_00166,
DOC_00167,
DOC_00168,
DOC_00169,
DOC_00170,
DOC_00171,
DOC_00172,
DOC_00173,
DOC_00174,
DOC_00175,
DOC_00176,
DOC_00177,
DOC_00178,
DOC_00179,
DOC_00180,
DOC_00181,
DOC_00182,
DOC_00183,
DOC_00184,
DOC_00185,
DOC_00186,
DOC_00187,
DOC_00188,
DOC_00189,
DOC_00190,
DOC_00191,
DOC_00192,
DOC_00193,
DOC_00194,
DOC_00195,
DOC_00196,
DOC_00197,
DOC_00198,
DOC_00199,
DOC_00200,
DOC_00201,
DOC_00202,
DOC_00203,
DOC_00204,
DOC_00205,
DOC_00206,
DOC_00207,
DOC_00208,
DOC_00209,
DOC_00210,
DOC_00211,
DOC_00212,
DOC_00213,
DOC_00214,
DOC_00215,
DOC_00216,
DOC_00217,
DOC_00218,
DOC_00219,
DOC_00220,
DOC_00221,
DOC_00222,
DOC_00223,
DOC_00224,
DOC_00225,
DOC_00226,
DOC_00227,
DOC_00228,
DOC_00229,
DOC_00230,
DOC_00231,
DOC_00232,
DOC_00233,
DOC_00234,
DOC_00235,
DOC_00236,
DOC_00237,
DOC_00238,
DOC_00239,
DOC_00240,
DOC_00241,
DOC_00242,
DOC_00243,
DOC_00244,
DOC_00245,
DOC_00246,
DOC_00247,
DOC_00248,
DOC_00249,
DOC_00250,
DOC_00251,
DOC_00252,
DOC_00253,
DOC_00254,
DOC_00255,
DOC_00256,
DOC_00257,
DOC_00258,
DOC_00259,
DOC_00260,
DOC_00261,
DOC_00262,
DOC_00263,
DOC_00264,
DOC_00265,
DOC_00266,
DOC_00267,
DOC_00268,
DOC_00269,
DOC_00270,
DOC_00271,
DOC_00272,
DOC_00273,
DOC_00274,
DOC_00275,
DOC_00276,
DOC_00277,
DOC_00278,
DOC_00279,
DOC_00280,
DOC_00281,
DOC_00282,
DOC_00283,
DOC_00284,
DOC_00285,
DOC_00286,
DOC_00287,
DOC_00288,
DOC_00289,
DOC_00290,
DOC_00291,
DOC_00292,
DOC_00293,
DOC_00294,
DOC_00295,
DOC_00296,
DOC_00297,
DOC_00298,
DOC_00299,
DOC_00300,
DOC_00301,
DOC_00302,
DOC_00303,
DOC_00304,
DOC_00305,
DOC_00306,
DOC_00307,
DOC_00308,
DOC_00309,
DOC_00310,
DOC_00311,
DOC_00312,
DOC_00313,
DOC_00314,
DOC_00315,
DOC_00316,
DOC_00317,
DOC_00318,
DOC_00319,
DOC_00320,
DOC_00321,
DOC_00322,
DOC_00323,
DOC_00324,
DOC_00325,
DOC_00326,
DOC_00327,
DOC_00328,
DOC_00329,
DOC_00330,
DOC_00331,
DOC_00332,
DOC_00333,
DOC_00334,
DOC_00335,
DOC_00336,
DOC_00337,
DOC_00338,
DOC_00339,
DOC_00340,
DOC_00341,
DOC_00342,
DOC_00343,
DOC_00344,
DOC_00345,
DOC_00346,
DOC_00347,
DOC_00348,
DOC_00349,
DOC_00350,
DOC_00351,
DOC_00352,
DOC_00353,
DOC_00354,
DOC_00355,
DOC_00356,
DOC_00357,
DOC_00358,
DOC_00359,
DOC_00360,
DOC_00361,
DOC_00362,
DOC_00363,
DOC_00364,
DOC_00365,
DOC_00366,
DOC_00367,
DOC_00368,
DOC_00369,
DOC_00370,
DOC_00371,
DOC_00372,
DOC_00373,
DOC_00374,
DOC_00375,
DOC_00376,
DOC_00377,
DOC_00378,
DOC_00379,
DOC_00380,
DOC_00381,
DOC_00382,
DOC_00383,
DOC_00384,
DOC_00385,
DOC_00386,
DOC_00387,
DOC_00388,
DOC_00389,
DOC_00390,
DOC_00391,
DOC_00392,
DOC_00393,
DOC_00394,
DOC_00395,
DOC_00396,
DOC_00397,
DOC_00398,
DOC_00399,
DOC_00400,
DOC_00401,
DOC_00402,
DOC_00403,
DOC_00404,
DOC_00405,
DOC_00406,
DOC_00407,
DOC_00408,
DOC_00409,
DOC_00410,
DOC_00411,
DOC_00412,
DOC_00413,
DOC_00414,
DOC_00415,
DOC_00416,
DOC_00417,
DOC_00418,
DOC_00419,
DOC_00420,
DOC_00421,
DOC_00422,
DOC_00423,
DOC_00424,
DOC_00425,
DOC_00426,
DOC_00427,
DOC_00428,
DOC_00429,
DOC_00430,
DOC_00431,
DOC_00432,
DOC_00433,
DOC_00434,
DOC_00435,
DOC_00436,
DOC_00437,
DOC_00438,
DOC_00439,
DOC_00440,
DOC_00441,
DOC_00442,
DOC_00443,
DOC_00444,
DOC_00445,
DOC_00446,
DOC_00447,
DOC_00448,
DOC_00449,
DOC_00450,
DOC_00451,
DOC_00452,
DOC_00453,
DOC_00454,
DOC_00455,
DOC_00456,
DOC_00457,
DOC_00458,
DOC_00459,
DOC_00460,
DOC_00461,
DOC_00462,
DOC_00463,
DOC_00464,
DOC_00465,
DOC_00466,
DOC_00467,
DOC_00468,
DOC_00469,
DOC_00470,
DOC_00471,
DOC_00472,
DOC_00473,
DOC_00474,
DOC_00475,
DOC_00476,
DOC_00477,
DOC_00478,
DOC_00479,
DOC_00480,
DOC_00481,
DOC_00482,
DOC_00483,
DOC_00484,
DOC_00485,
DOC_00486,
DOC_00487,
DOC_00488,
DOC_00489,
DOC_00490,
DOC_00491,
DOC_00492,
DOC_00493,
DOC_00494,
DOC_00495,
DOC_00496,
DOC_00497,
DOC_00498,
DOC_00499,
DOC_00500,
DOC_00501,
DOC_00502,
DOC_00503,
DOC_00504,
DOC_00505,
DOC_00506,
DOC_00507,
DOC_00508,
DOC_00509,
DOC_00510,
DOC_00511,
DOC_00512,
DOC_00513,
DOC_00514,
DOC_00515,
DOC_00516,
DOC_00517,
DOC_00518,
DOC_00519,
DOC_00520,
DOC_00521,
DOC_00522,
DOC_00523,
DOC_00524,
DOC_00525,
DOC_00526,
DOC_00527,
DOC_00528,
DOC_00529,
DOC_00530,
DOC_00531,
DOC_00532,
DOC_00533,
DOC_00534,
DOC_00535,
DOC_00536,
DOC_00537,
DOC_00538,
DOC_00539,
DOC_00540,
DOC_00541,
DOC_00542,
DOC_00543,
DOC_00544,
DOC_00545,
DOC_00546,
DOC_00547,
DOC_00548,
DOC_00549,
DOC_00550,
DOC_00551,
DOC_00552,
DOC_00553,
DOC_00554,
DOC_00555,
DOC_00556,
DOC_00557,
DOC_00558,
DOC_00559,
DOC_00560,
DOC_00561,
DOC_00562,
DOC_00563,
DOC_00564,
DOC_00565,
DOC_00566,
DOC_00567,
DOC_00568,
DOC_00569,
DOC_00570,
DOC_00571,
DOC_00572,
DOC_00573,
DOC_00574,
DOC_00575,
DOC_00576,
DOC_00577,
DOC_00578,
DOC_00579,
DOC_00580,
DOC_00581,
DOC_00582,
DOC_00583,
DOC_00584,
DOC_00585,
DOC_00586,
DOC_00587,
DOC_00588,
DOC_00589,
DOC_00590,
DOC_00591,
DOC_00592,
DOC_00593,
DOC_00594,
DOC_00595,
DOC_00596,
DOC_00597,
DOC_00598,
DOC_00599,
DOC_00600,
DOC_00601,
DOC_00602,
DOC_00603,
DOC_00604,
DOC_00605,
DOC_00606,
DOC_00607,
DOC_00608,
DOC_00609,
DOC_00610,
DOC_00611,
DOC_00612,
DOC_00613,
DOC_00614,
DOC_00615,
DOC_00616,
DOC_00617,
DOC_00618,
DOC_00619,
DOC_00620,
DOC_00621,
DOC_00622,
DOC_00623,
DOC_00624,
DOC_00625,
DOC_00626,
DOC_00627,
DOC_00628,
DOC_00629,
DOC_00630,
DOC_00631,
DOC_00632,
DOC_00633,
DOC_00634,
DOC_00635,
DOC_00636,
DOC_00637,
DOC_00638,
DOC_00639,
DOC_00640,
DOC_00641,
DOC_00642,
DOC_00643,
DOC_00644,
DOC_00645,
DOC_00646,
DOC_00647,
DOC_00648,
DOC_00649,
DOC_00650,
DOC_00651,
DOC_00652,
DOC_00653,
DOC_00654,
DOC_00655,
DOC_00656,
DOC_00657,
DOC_00658,
DOC_00659,
DOC_00660,
DOC_00661,
DOC_00662,
DOC_00663,
DOC_00664,
DOC_00665,
DOC_00666,
DOC_00667,
DOC_00668,
DOC_00669,
DOC_00670,
DOC_00671,
DOC_00672,
DOC_00673,
DOC_00674,
DOC_00675,
DOC_00676,
DOC_00677,
DOC_00678,
DOC_00679,
DOC_00680,
DOC_00681,
DOC_00682,
DOC_00683,
DOC_00684,
DOC_00685,
DOC_00686,
DOC_00687,
DOC_00688,
DOC_00689,
DOC_00690,
DOC_00691,
DOC_00692,
DOC_00693,
DOC_00694,
DOC_00695,
DOC_00696,
DOC_00697,
DOC_00698,
DOC_00699,
DOC_00700,
DOC_00701,
DOC_00702,
DOC_00703,
DOC_00704,
DOC_00705,
DOC_00706,
DOC_00707,
DOC_00708,
DOC_00709,
DOC_00710,
DOC_00711,
DOC_00712,
DOC_00713,
DOC_00714,
DOC_00715,
DOC_00716,
DOC_00717,
DOC_00718,
DOC_00719,
DOC_00720,
DOC_00721,
DOC_00722,
DOC_00723,
DOC_00724,
DOC_00725,
DOC_00726,
DOC_00727,
DOC_00728,
DOC_00729,
DOC_00730,
DOC_00731,
DOC_00732,
DOC_00733,
DOC_00734,
DOC_00735,
DOC_00736,
DOC_00737,
DOC_00738,
DOC_00739,
DOC_00740,
DOC_00741,
DOC_00742,
DOC_00743,
DOC_00744,
DOC_00745,
DOC_00746,
DOC_00747,
DOC_00748,
DOC_00749,
DOC_00750,
DOC_00751,
DOC_00752,
DOC_00753,
DOC_00754,
DOC_00755,
DOC_00756,
DOC_00757,
DOC_00758,
DOC_00759,
DOC_00760,
DOC_00761,
DOC_00762,
DOC_00763,
DOC_00764,
DOC_00765,
DOC_00766,
DOC_00767,
DOC_00768,
DOC_00769,
DOC_00770,
DOC_00771,
DOC_00772,
DOC_00773,
DOC_00774,
DOC_00775,
DOC_00776,
DOC_00777,
DOC_00778,
DOC_00779,
DOC_00780,
DOC_00781,
DOC_00782,
DOC_00783,
DOC_00784,
DOC_00785,
DOC_00786,
DOC_00787,
DOC_00788,
DOC_00789,
DOC_00790,
DOC_00791,
DOC_00792,
DOC_00793,
DOC_00794,
DOC_00795,
DOC_00796,
DOC_00797,
DOC_00798,
DOC_00799,
DOC_00800,
DOC_00801,
DOC_00802,
DOC_00803,
DOC_00804,
DOC_00805,
DOC_00806,
DOC_00807,
DOC_00808,
DOC_00809,
DOC_00810,
DOC_00811,
DOC_00812,
DOC_00813,
DOC_00814,
DOC_00815,
DOC_00816,
DOC_00817,
DOC_00818,
DOC_00819,
DOC_00820,
DOC_00821,
DOC_00822,
DOC_00823,
DOC_00824,
DOC_00825,
DOC_00826,
DOC_00827,
DOC_00828,
DOC_00829,
DOC_00830,
DOC_00831,
DOC_00832,
DOC_00833,
DOC_00834,
DOC_00835,
DOC_00836,
DOC_00837,
DOC_00838,
DOC_00839,
DOC_00840,
DOC_00841,
DOC_00842,
DOC_00843,
DOC_00844,
DOC_00845,
DOC_00846,
DOC_00847,
DOC_00848,
DOC_00849,
DOC_00850,
DOC_00851,
DOC_00852,
DOC_00853,
DOC_00854,
DOC_00855,
DOC_00856,
DOC_00857,
DOC_00858,
DOC_00859,
DOC_00860,
DOC_00861,
DOC_00862,
DOC_00863,
DOC_00864,
DOC_00865,
DOC_00866,
DOC_00867,
DOC_00868,
DOC_00869,
DOC_00870,
DOC_00871,
DOC_00872,
DOC_00873,
DOC_00874,
DOC_00875,
DOC_00876,
DOC_00877,
DOC_00878,
DOC_00879,
DOC_00880,
DOC_00881,
DOC_00882,
DOC_00883,
DOC_00884,
DOC_00885,
DOC_00886,
DOC_00887,
DOC_00888,
DOC_00889,
DOC_00890,
DOC_00891,
DOC_00892,
DOC_00893,
DOC_00894,
DOC_00895,
DOC_00896,
DOC_00897,
DOC_00898,
DOC_00899,
DOC_00900,
DOC_00901,
DOC_00902,
DOC_00903,
DOC_00904,
DOC_00905,
DOC_00906,
DOC_00907,
DOC_00908,
DOC_00909,
DOC_00910,
DOC_00911,
DOC_00912,
DOC_00913,
DOC_00914,
DOC_00915,
DOC_00916,
DOC_00917,
DOC_00918,
DOC_00919,
DOC_00920,
DOC_00921,
DOC_00922,
DOC_00923,
DOC_00924,
DOC_00925,
DOC_00926,
DOC_00927,
DOC_00928,
DOC_00929,
DOC_00930,
DOC_00931,
DOC_00932,
DOC_00933,
DOC_00934,
DOC_00935,
DOC_00936,
DOC_00937,
DOC_00938,
DOC_00939,
DOC_00940,
DOC_00941,
DOC_00942,
DOC_00943,
DOC_00944,
DOC_00945,
DOC_00946,
DOC_00947,
DOC_00948,
DOC_00949,
DOC_00950,
DOC_00951,
DOC_00952,
DOC_00953,
DOC_00954,
DOC_00955,
DOC_00956,
DOC_00957,
DOC_00958,
DOC_00959,
DOC_00960,
DOC_00961,
DOC_00962,
DOC_00963,
DOC_00964,
DOC_00965,
DOC_00966,
DOC_00967,
DOC_00968,
DOC_00969,
DOC_00970,
DOC_00971,
DOC_00972,
DOC_00973,
DOC_00974,
DOC_00975,
DOC_00976,
DOC_00977,
DOC_00978,
DOC_00979,
DOC_00980,
DOC_00981,
DOC_00982,
DOC_00983,
DOC_00984,
DOC_00985,
DOC_00986,
DOC_00987,
DOC_00988,
DOC_00989,
DOC_00990,
DOC_00991,
DOC_00992,
DOC_00993,
DOC_00994,
DOC_00995,
DOC_00996,
DOC_00997,
DOC_00998,
DOC_00999,
DOC_01000,
DOC_01001,
DOC_01002,
DOC_01003,
DOC_01004,
DOC_01005,
DOC_01006,
DOC_01007,
DOC_01008,
DOC_01009,
DOC_01010,
DOC_01011,
DOC_01012,
DOC_01013,
DOC_01014,
DOC_01015,
DOC_01016,
DOC_01017,
DOC_01018,
DOC_01019,
DOC_01020,
DOC_01021,
DOC_01022,
DOC_01023,
DOC_01024,
DOC_01025,
DOC_01026,
DOC_01027,
DOC_01028,
DOC_01029,
DOC_01030,
DOC_01031,
DOC_01032,
DOC_01033,
DOC_01034,
DOC_01035,
DOC_01036,
DOC_01037,
DOC_01038,
DOC_01039,
DOC_01040,
DOC_01041,
DOC_01042,
DOC_01043,
DOC_01044,
DOC_01045,
DOC_01046,
DOC_01047,
DOC_01048,
DOC_01049,
DOC_01050,
DOC_01051,
DOC_01052,
DOC_01053,
DOC_01054,
DOC_01055,
DOC_01056,
DOC_01057,
DOC_01058,
DOC_01059,
DOC_01060,
DOC_01061,
DOC_01062,
DOC_01063,
DOC_01064,
DOC_01065,
DOC_01066,
DOC_01067,
DOC_01068,
DOC_01069,
DOC_01070,
DOC_01071,
DOC_01072,
DOC_01073,
DOC_01074,
DOC_01075,
DOC_01076,
DOC_01077,
DOC_01078,
DOC_01079,
DOC_01080,
DOC_01081,
DOC_01082,
DOC_01083,
DOC_01084,
DOC_01085,
DOC_01086,
DOC_01087,
DOC_01088,
DOC_01089,
DOC_01090,
DOC_01091,
DOC_01092,
DOC_01093,
DOC_01094,
DOC_01095,
DOC_01096,
DOC_01097,
DOC_01098,
DOC_01099,
DOC_01100,
DOC_01101,
DOC_01102,
DOC_01103,
DOC_01104,
DOC_01105,
DOC_01106,
DOC_01107,
DOC_01108,
DOC_01109,
DOC_01110,
DOC_01111,
DOC_01112,
DOC_01113,
DOC_01114,
DOC_01115,
DOC_01116,
DOC_01117,
DOC_01118,
DOC_01119,
DOC_01120,
DOC_01121,
DOC_01122,
DOC_01123,
DOC_01124,
DOC_01125,
DOC_01126,
DOC_01127,
DOC_01128,
DOC_01129,
DOC_01130,
DOC_01131,
DOC_01132,
DOC_01133,
DOC_01134,
DOC_01135,
DOC_01136,
DOC_01137,
DOC_01138,
DOC_01139,
DOC_01140,
DOC_01141,
DOC_01142,
DOC_01143,
DOC_01144,
DOC_01145,
DOC_01146,
DOC_01147,
DOC_01148,
DOC_01149,
DOC_01150,
DOC_01151,
DOC_01152,
DOC_01153,
DOC_01154,
DOC_01155,
DOC_01156,
DOC_01157,
DOC_01158,
DOC_01159,
DOC_01160,
DOC_01161,
DOC_01162,
DOC_01163,
DOC_01164,
DOC_01165,
DOC_01166,
DOC_01167,
DOC_01168,
DOC_01169,
DOC_01170,
DOC_01171,
DOC_01172,
DOC_01173,
DOC_01174,
DOC_01175,
DOC_01176,
DOC_01177,
DOC_01178,
DOC_01179,
DOC_01180,
DOC_01181,
DOC_01182,
DOC_01183,
DOC_01184,
DOC_01185,
DOC_01186,
DOC_01187,
DOC_01188,
DOC_01189,
DOC_01190,
DOC_01191,
DOC_01192,
DOC_01193,
DOC_01194,
DOC_01195,
DOC_01196,
DOC_01197,
DOC_01198,
DOC_01199,
DOC_01200,
DOC_01201,
DOC_01202,
DOC_01203,
DOC_01204,
DOC_01205,
DOC_01206,
DOC_01207,
DOC_01208,
DOC_01209,
DOC_01210,
DOC_01211,
DOC_01212,
DOC_01213,
DOC_01214,
DOC_01215,
DOC_01216,
DOC_01217,
DOC_01218,
DOC_01219,
DOC_01220,
DOC_01221,
DOC_01222,
DOC_01223,
DOC_01224,
DOC_01225,
DOC_01226,
DOC_01227,
DOC_01228,
DOC_01229,
DOC_01230,
DOC_01231,
DOC_01232,
DOC_01233,
DOC_01234,
DOC_01235,
DOC_01236,
DOC_01237,
DOC_01238,
DOC_01239,
DOC_01240,
DOC_01241,
DOC_01242,
DOC_01243,
DOC_01244,
DOC_01245,
DOC_01246,
DOC_01247,
DOC_01248,
DOC_01249,
DOC_01250,
DOC_01251,
DOC_01252,
DOC_01253,
DOC_01254,
DOC_01255,
DOC_01256,
DOC_01257,
DOC_01258,
DOC_01259,
DOC_01260,
DOC_01261,
DOC_01262,
DOC_01263,
DOC_01264,
DOC_01265,
DOC_01266,
DOC_01267,
DOC_01268,
DOC_01269,
DOC_01270,
DOC_01271,
DOC_01272,
DOC_01273,
DOC_01274,
DOC_01275,
DOC_01276,
DOC_01277,
DOC_01278,
DOC_01279,
DOC_01280,
DOC_01281,
DOC_01282,
DOC_01283,
DOC_01284,
DOC_01285,
DOC_01286,
DOC_01287,
DOC_01288,
DOC_01289,
DOC_01290,
DOC_01291,
DOC_01292,
DOC_01293,
DOC_01294,
DOC_01295,
DOC_01296,
DOC_01297,
DOC_01298,
DOC_01299,
DOC_01300,
DOC_01301,
DOC_01302,
DOC_01303,
DOC_01304,
DOC_01305,
DOC_01306,
DOC_01307,
DOC_01308,
DOC_01309,
DOC_01310,
DOC_01311,
DOC_01312,
DOC_01313,
DOC_01314,
DOC_01315,
DOC_01316,
DOC_01317,
DOC_01318,
DOC_01319,
DOC_01320,
DOC_01321,
DOC_01322,
DOC_01323,
DOC_01324,
DOC_01325,
DOC_01326,
DOC_01327,
DOC_01328,
DOC_01329,
DOC_01330,
DOC_01331,
DOC_01332,
DOC_01333,
DOC_01334,
DOC_01335,
DOC_01336,
DOC_01337,
DOC_01338,
DOC_01339,
DOC_01340,
DOC_01341,
DOC_01342,
DOC_01343,
DOC_01344,
DOC_01345,
DOC_01346,
DOC_01347,
DOC_01348,
DOC_01349,
DOC_01350,
DOC_01351,
DOC_01352,
DOC_01353,
DOC_01354,
DOC_01355,
DOC_01356,
DOC_01357,
DOC_01358,
DOC_01359,
DOC_01360,
DOC_01361,
DOC_01362,
DOC_01363,
DOC_01364,
DOC_01365,
DOC_01366,
DOC_01367,
DOC_01368,
DOC_01369,
DOC_01370,
DOC_01371,
DOC_01372,
DOC_01373,
DOC_01374,
DOC_01375,
DOC_01376,
DOC_01377,
DOC_01378,
DOC_01379,
DOC_01380,
DOC_01381,
DOC_01382,
DOC_01383,
DOC_01384,
DOC_01385,
DOC_01386,
DOC_01387,
DOC_01388,
DOC_01389,
DOC_01390,
DOC_01391,
DOC_01392,
DOC_01393,
DOC_01394,
DOC_01395,
DOC_01396,
DOC_01397,
DOC_01398,
DOC_01399,
DOC_01400,
DOC_01401,
DOC_01402,
DOC_01403,
DOC_01404,
DOC_01405,
DOC_01406,
DOC_01407,
DOC_01408,
DOC_01409,
DOC_01410,
DOC_01411,
DOC_01412,
DOC_01413,
DOC_01414,
DOC_01415,
DOC_01416,
DOC_01417,
DOC_01418,
DOC_01419,
DOC_01420,
DOC_01421,
DOC_01422,
DOC_01423,
DOC_01424,
DOC_01425,
DOC_01426,
DOC_01427,
DOC_01428,
DOC_01429,
DOC_01430,
DOC_01431,
DOC_01432,
DOC_01433,
DOC_01434,
DOC_01435,
DOC_01436,
DOC_01437,
DOC_01438,
DOC_01439,
DOC_01440,
DOC_01441,
DOC_01442,
DOC_01443,
DOC_01444,
DOC_01445,
DOC_01446,
DOC_01447,
DOC_01448,
DOC_01449,
DOC_01450,
DOC_01451,
DOC_01452,
DOC_01453,
DOC_01454,
DOC_01455,
DOC_01456,
DOC_01457,
DOC_01458,
DOC_01459,
DOC_01460,
DOC_01461,
DOC_01462,
DOC_01463,
DOC_01464,
DOC_01465,
DOC_01466,
DOC_01467,
DOC_01468,
DOC_01469,
DOC_01470,
DOC_01471,
DOC_01472,
DOC_01473,
DOC_01474,
DOC_01475,
DOC_01476,
DOC_01477,
DOC_01478,
DOC_01479,
DOC_01480,
DOC_01481,
DOC_01482,
DOC_01483,
DOC_01484,
DOC_01485,
DOC_01486,
DOC_01487,
DOC_01488,
DOC_01489,
DOC_01490,
DOC_01491,
DOC_01492,
DOC_01493,
DOC_01494,
DOC_01495,
DOC_01496,
DOC_01497,
DOC_01498,
DOC_01499,
DOC_01500,
DOC_01501,
DOC_01502,
DOC_01503,
DOC_01504,
DOC_01505,
DOC_01506,
DOC_01507,
DOC_01508,
DOC_01509,
DOC_01510,
DOC_01511,
DOC_01512,
DOC_01513,
DOC_01514,
DOC_01515,
DOC_01516,
DOC_01517,
DOC_01518,
DOC_01519,
DOC_01520,
DOC_01521,
DOC_01522,
DOC_01523,
DOC_01524,
DOC_01525,
DOC_01526,
DOC_01527,
DOC_01528,
DOC_01529,
DOC_01530,
DOC_01531,
DOC_01532,
DOC_01533,
DOC_01534,
DOC_01535,
DOC_01536,
DOC_01537,
DOC_01538,
DOC_01539,
DOC_01540,
DOC_01541,
DOC_01542,
DOC_01543,
DOC_01544,
DOC_01545,
DOC_01546,
DOC_01547,
DOC_01548,
DOC_01549,
DOC_01550,
DOC_01551,
DOC_01552,
DOC_01553,
DOC_01554,
DOC_01555,
DOC_01556,
DOC_01557,
DOC_01558,
DOC_01559,
DOC_01560,
DOC_01561,
DOC_01562,
DOC_01563,
DOC_01564,
DOC_01565,
DOC_01566,
DOC_01567,
DOC_01568,
DOC_01569,
DOC_01570,
DOC_01571,
DOC_01572,
DOC_01573,
DOC_01574,
DOC_01575,
DOC_01576,
DOC_01577,
DOC_01578,
DOC_01579,
DOC_01580,
DOC_01581,
DOC_01582,
DOC_01583,
DOC_01584,
DOC_01585,
DOC_01586,
DOC_01587,
DOC_01588,
DOC_01589,
DOC_01590,
DOC_01591,
DOC_01592,
DOC_01593,
DOC_01594,
DOC_01595,
DOC_01596,
DOC_01597,
DOC_01598,
DOC_01599,
DOC_01600,
DOC_01601,
DOC_01602,
DOC_01603,
DOC_01604,
DOC_01605,
DOC_01606,
DOC_01607,
DOC_01608,
DOC_01609,
DOC_01610,
DOC_01611,
DOC_01612,
DOC_01613,
DOC_01614,
DOC_01615,
DOC_01616,
DOC_01617,
DOC_01618,
DOC_01619,
DOC_01620,
DOC_01621,
DOC_01622,
DOC_01623,
DOC_01624,
DOC_01625,
DOC_01626,
DOC_01627,
DOC_01628,
DOC_01629,
DOC_01630,
DOC_01631,
DOC_01632,
DOC_01633,
DOC_01634,
DOC_01635,
DOC_01636,
DOC_01637,
DOC_01638,
DOC_01639,
DOC_01640,
DOC_01641,
DOC_01642,
DOC_01643,
DOC_01644,
DOC_01645,
DOC_01646,
DOC_01647,
DOC_01648,
DOC_01649,
DOC_01650,
DOC_01651,
DOC_01652,
DOC_01653,
DOC_01654,
DOC_01655,
DOC_01656,
DOC_01657,
DOC_01658,
DOC_01659,
DOC_01660,
DOC_01661,
DOC_01662,
DOC_01663,
DOC_01664,
DOC_01665,
DOC_01666,
DOC_01667,
DOC_01668,
DOC_01669,
DOC_01670,
DOC_01671,
DOC_01672,
DOC_01673,
DOC_01674,
DOC_01675,
DOC_01676,
DOC_01677,
DOC_01678,
DOC_01679,
DOC_01680,
DOC_01681,
DOC_01682,
DOC_01683,
DOC_01684,
DOC_01685,
DOC_01686,
DOC_01687,
DOC_01688,
DOC_01689,
DOC_01690,
DOC_01691,
DOC_01692,
DOC_01693,
DOC_01694,
DOC_01695,
DOC_01696,
DOC_01697,
DOC_01698,
DOC_01699,
DOC_01700,
DOC_01701,
DOC_01702,
DOC_01703,
DOC_01704,
DOC_01705,
DOC_01706,
DOC_01707,
DOC_01708,
DOC_01709,
DOC_01710,
DOC_01711,
DOC_01712,
DOC_01713,
DOC_01714,
DOC_01715,
DOC_01716,
DOC_01717,
DOC_01718,
DOC_01719,
DOC_01720,
DOC_01721,
DOC_01722,
DOC_01723,
DOC_01724,
DOC_01725,
DOC_01726,
DOC_01727,
DOC_01728,
DOC_01729,
DOC_01730,
DOC_01731,
DOC_01732,
DOC_01733,
DOC_01734,
DOC_01735,
DOC_01736,
DOC_01737,
DOC_01738,
DOC_01739,
DOC_01740,
DOC_01741,
DOC_01742,
DOC_01743,
DOC_01744,
DOC_01745,
DOC_01746,
DOC_01747,
DOC_01748,
DOC_01749,
DOC_01750,
DOC_01751,
DOC_01752,
DOC_01753,
DOC_01754,
DOC_01755,
DOC_01756,
DOC_01757,
DOC_01758,
DOC_01759,
DOC_01760,
DOC_01761,
DOC_01762,
DOC_01763,
DOC_01764,
DOC_01765,
DOC_01766,
DOC_01767,
DOC_01768,
DOC_01769,
DOC_01770,
DOC_01771,
DOC_01772,
DOC_01773,
DOC_01774,
DOC_01775,
DOC_01776,
DOC_01777,
DOC_01778,
DOC_01779,
DOC_01780,
DOC_01781,
DOC_01782,
DOC_01783,
DOC_01784,
DOC_01785,
DOC_01786,
DOC_01787,
DOC_01788,
DOC_01789,
DOC_01790,
DOC_01791,
DOC_01792,
DOC_01793,
DOC_01794,
DOC_01795,
DOC_01796,
DOC_01797,
DOC_01798,
DOC_01799,
DOC_01800,
DOC_01801,
DOC_01802,
DOC_01803,
DOC_01804,
DOC_01805,
DOC_01806,
DOC_01807,
DOC_01808,
DOC_01809,
DOC_01810,
DOC_01811,
DOC_01812,
DOC_01813,
DOC_01814,
DOC_01815,
DOC_01816,
DOC_01817,
DOC_01818,
DOC_01819,
DOC_01820,
DOC_01821,
DOC_01822,
DOC_01823,
DOC_01824,
DOC_01825,
DOC_01826,
DOC_01827,
DOC_01828,
DOC_01829,
DOC_01830,
DOC_01831,
DOC_01832,
DOC_01833,
DOC_01834,
DOC_01835,
DOC_01836,
DOC_01837,
DOC_01838,
DOC_01839,
DOC_01840,
DOC_01841,
DOC_01842,
DOC_01843,
DOC_01844,
DOC_01845,
DOC_01846,
DOC_01847,
DOC_01848,
DOC_01849,
DOC_01850,
DOC_01851,
DOC_01852,
DOC_01853,
DOC_01854,
DOC_01855,
DOC_01856,
DOC_01857,
DOC_01858,
DOC_01859,
DOC_01860,
DOC_01861,
DOC_01862,
DOC_01863,
DOC_01864,
DOC_01865,
DOC_01866,
DOC_01867,
DOC_01868,
DOC_01869,
DOC_01870,
DOC_01871,
DOC_01872,
DOC_01873,
DOC_01874,
DOC_01875,
DOC_01876,
DOC_01877,
DOC_01878,
DOC_01879,
DOC_01880,
DOC_01881,
DOC_01882,
DOC_01883,
DOC_01884,
DOC_01885,
DOC_01886,
DOC_01887,
DOC_01888,
DOC_01889,
DOC_01890,
DOC_01891,
DOC_01892,
DOC_01893,
DOC_01894,
DOC_01895,
DOC_01896,
DOC_01897,
DOC_01898,
DOC_01899,
DOC_01900,
DOC_01901,
DOC_01902,
DOC_01903,
DOC_01904,
DOC_01905,
DOC_01906,
DOC_01907,
DOC_01908,
DOC_01909,
DOC_01910,
DOC_01911,
DOC_01912,
DOC_01913,
DOC_01914,
DOC_01915,
DOC_01916,
DOC_01917,
DOC_01918,
DOC_01919,
DOC_01920,
DOC_01921,
DOC_01922,
DOC_01923,
DOC_01924,
DOC_01925,
DOC_01926,
DOC_01927,
DOC_01928,
DOC_01929,
DOC_01930,
DOC_01931,
DOC_01932,
DOC_01933,
DOC_01934,
DOC_01935,
DOC_01936,
DOC_01937,
DOC_01938,
DOC_01939,
DOC_01940,
DOC_01941,
DOC_01942,
DOC_01943,
DOC_01944,
DOC_01945,
DOC_01946,
DOC_01947,
DOC_01948,
DOC_01949,
DOC_01950,
DOC_01951,
DOC_01952,
DOC_01953,
DOC_01954,
DOC_01955,
DOC_01956,
DOC_01957,
DOC_01958,
DOC_01959,
DOC_01960,
DOC_01961,
DOC_01962,
DOC_01963,
DOC_01964,
DOC_01965,
DOC_01966,
DOC_01967,
DOC_01968,
DOC_01969,
DOC_01970,
DOC_01971,
DOC_01972,
DOC_01973,
DOC_01974,
DOC_01975,
DOC_01976,
DOC_01977,
DOC_01978,
DOC_01979,
DOC_01980,
DOC_01981,
DOC_01982,
DOC_01983,
DOC_01984,
DOC_01985,
DOC_01986,
DOC_01987,
DOC_01988,
DOC_01989,
DOC_01990,
DOC_01991,
DOC_01992,
DOC_01993,
DOC_01994,
DOC_01995,
DOC_01996,
DOC_01997,
DOC_01998,
DOC_01999,
DOC_02000,
DOC_02001,
DOC_02002,
DOC_02003,
DOC_02004,
DOC_02005,
DOC_02006,
DOC_02007,
DOC_02008,
DOC_02009,
DOC_02010,
DOC_02011,
DOC_02012,
DOC_02013,
DOC_02014,
DOC_02015,
DOC_02016,
DOC_02017,
DOC_02018,
DOC_02019,
DOC_02020,
DOC_02021,
DOC_02022,
DOC_02023,
DOC_02024,
DOC_02025,
DOC_02026,
DOC_02027,
DOC_02028,
DOC_02029,
DOC_02030,
DOC_02031,
DOC_02032,
DOC_02033,
DOC_02034,
DOC_02035,
DOC_02036,
DOC_02037,
DOC_02038,
DOC_02039,
DOC_02040,
DOC_02041,
DOC_02042,
DOC_02043,
DOC_02044,
DOC_02045,
DOC_02046,
DOC_02047,
DOC_02048,
DOC_02049,
DOC_02050,
DOC_02051,
DOC_02052,
DOC_02053,
DOC_02054,
DOC_02055,
DOC_02056,
DOC_02057,
DOC_02058,
DOC_02059,
DOC_02060,
DOC_02061,
DOC_02062,
DOC_02063,
DOC_02064,
DOC_02065,
DOC_02066,
DOC_02067,
DOC_02068,
DOC_02069,
DOC_02070,
DOC_02071,
DOC_02072,
DOC_02073,
DOC_02074,
DOC_02075,
DOC_02076,
DOC_02077,
DOC_02078,
DOC_02079,
DOC_02080,
DOC_02081,
DOC_02082,
DOC_02083,
DOC_02084,
DOC_02085,
DOC_02086,
DOC_02087,
DOC_02088,
DOC_02089,
DOC_02090,
DOC_02091,
DOC_02092,
DOC_02093,
DOC_02094,
DOC_02095,
DOC_02096,
DOC_02097,
DOC_02098,
DOC_02099,
DOC_02100,
DOC_02101,
DOC_02102,
DOC_02103,
DOC_02104,
DOC_02105,
DOC_02106,
DOC_02107,
DOC_02108,
DOC_02109,
DOC_02110,
DOC_02111,
DOC_02112,
DOC_02113,
DOC_02114,
DOC_02115,
DOC_02116,
DOC_02117,
DOC_02118,
DOC_02119,
DOC_02120,
DOC_02121,
DOC_02122,
DOC_02123,
DOC_02124,
DOC_02125,
DOC_02126,
DOC_02127,
DOC_02128,
DOC_02129,
DOC_02130,
DOC_02131,
DOC_02132,
DOC_02133,
DOC_02134,
DOC_02135,
DOC_02136,
DOC_02137,
DOC_02138,
DOC_02139,
DOC_02140,
DOC_02141,
DOC_02142,
DOC_02143,
DOC_02144,
DOC_02145,
DOC_02146,
DOC_02147,
DOC_02148,
DOC_02149,
DOC_02150,
DOC_02151,
DOC_02152,
DOC_02153,
DOC_02154,
DOC_02155,
DOC_02156,
DOC_02157,
DOC_02158,
DOC_02159,
DOC_02160,
DOC_02161,
DOC_02162,
DOC_02163,
DOC_02164,
